{
    "activeSoundProfile": "Muse Sounds",
    "aux": [
        {
            "out": {
                "balance": 0,
                "fxChain": {
                    "0": {
                        "active": true,
                        "chainOrder": 0,
                        "resourceMeta": {
                            "attributes": {
                            },
                            "hasNativeEditorSupport": true,
                            "id": "Muse Reverb",
                            "type": "muse_plugin",
                            "vendor": "Muse"
                        },
                        "unitConfiguration": {
                        }
                    }
                },
                "volumeDb": 0
            },
            "soloMuteState": {
                "mute": false,
                "solo": false
            }
        },
        {
            "out": {
                "balance": 0,
                "fxChain": {
                },
                "volumeDb": 0
            },
            "soloMuteState": {
                "mute": false,
                "solo": false
            }
        }
    ],
    "master": {
        "balance": 0,
        "fxChain": {
        },
        "volumeDb": 0
    },
    "tracks": [
        {
            "in": {
                "resourceMeta": {
                    "attributes": {
                        "museCategory": "Muse Keys",
                        "museName": "Grand Piano",
                        "musePack": "Muse Keys",
                        "museUID": "167",
                        "museVendorName": "",
                        "playbackSetupData": "keyboards.piano"
                    },
                    "hasNativeEditorSupport": false,
                    "id": "Muse Keys\\Grand Piano\\167",
                    "type": "muse_sampler_sound_pack",
                    "vendor": "MuseSounds"
                },
                "unitConfiguration": {
                }
            },
            "instrumentId": "soprano",
            "out": {
                "auxSends": [
                    {
                        "active": false,
                        "signalAmount": 0.30000001192092896
                    },
                    {
                        "active": true,
                        "signalAmount": 0.30000001192092896
                    }
                ],
                "balance": 0,
                "fxChain": {
                },
                "volumeDb": 0
            },
            "partId": "1",
            "soloMuteState": {
                "mute": false,
                "solo": false
            }
        },
        {
            "in": {
                "resourceMeta": {
                    "attributes": {
                        "museCategory": "Muse Keys",
                        "museName": "Grand Piano",
                        "musePack": "Muse Keys",
                        "museUID": "167",
                        "museVendorName": "",
                        "playbackSetupData": "keyboards.piano"
                    },
                    "hasNativeEditorSupport": false,
                    "id": "Muse Keys\\Grand Piano\\167",
                    "type": "muse_sampler_sound_pack",
                    "vendor": "MuseSounds"
                },
                "unitConfiguration": {
                }
            },
            "instrumentId": "tenor",
            "out": {
                "auxSends": [
                    {
                        "active": false,
                        "signalAmount": 0.30000001192092896
                    },
                    {
                        "active": true,
                        "signalAmount": 0.30000001192092896
                    }
                ],
                "balance": 0,
                "fxChain": {
                },
                "volumeDb": 0
            },
            "partId": "3",
            "soloMuteState": {
                "mute": false,
                "solo": false
            }
        },
        {
            "in": {
                "resourceMeta": {
                    "attributes": {
                        "museCategory": "Muse Keys",
                        "museName": "Grand Piano",
                        "musePack": "Muse Keys",
                        "museUID": "167",
                        "museVendorName": "",
                        "playbackSetupData": "keyboards.piano"
                    },
                    "hasNativeEditorSupport": false,
                    "id": "Muse Keys\\Grand Piano\\167",
                    "type": "muse_sampler_sound_pack",
                    "vendor": "MuseSounds"
                },
                "unitConfiguration": {
                }
            },
            "instrumentId": "alto",
            "out": {
                "auxSends": [
                    {
                        "active": false,
                        "signalAmount": 0.30000001192092896
                    },
                    {
                        "active": true,
                        "signalAmount": 0.30000001192092896
                    }
                ],
                "balance": 0,
                "fxChain": {
                },
                "volumeDb": 0
            },
            "partId": "2",
            "soloMuteState": {
                "mute": false,
                "solo": false
            }
        },
        {
            "in": {
                "resourceMeta": {
                    "attributes": {
                        "museCategory": "Muse Keys",
                        "museName": "Grand Piano",
                        "musePack": "Muse Keys",
                        "museUID": "167",
                        "museVendorName": "",
                        "playbackSetupData": "keyboards.piano"
                    },
                    "hasNativeEditorSupport": false,
                    "id": "Muse Keys\\Grand Piano\\167",
                    "type": "muse_sampler_sound_pack",
                    "vendor": "MuseSounds"
                },
                "unitConfiguration": {
                }
            },
            "instrumentId": "bass",
            "out": {
                "auxSends": [
                    {
                        "active": false,
                        "signalAmount": 0.30000001192092896
                    },
                    {
                        "active": true,
                        "signalAmount": 0.30000001192092896
                    }
                ],
                "balance": 0,
                "fxChain": {
                },
                "volumeDb": 0
            },
            "partId": "4",
            "soloMuteState": {
                "mute": false,
                "solo": false
            }
        },
        {
            "in": {
                "resourceMeta": {
                    "attributes": {
                        "playbackSetupData": "last.last.last",
                        "soundFontName": "MS Basic"
                    },
                    "hasNativeEditorSupport": false,
                    "id": "MS Basic",
                    "type": "fluid_soundfont",
                    "vendor": "Fluid"
                },
                "unitConfiguration": {
                }
            },
            "instrumentId": "metronome",
            "out": {
                "balance": 0,
                "fxChain": {
                },
                "volumeDb": 0
            },
            "partId": "999",
            "soloMuteState": {
                "mute": false,
                "solo": false
            }
        }
    ]
}
